SK_UTILISATEUR,LIBELLE_UTILISATEUR,SK_AGENCE
2,Employe 0002,1
4,Employe 0004,1
7,Employe 0007,1
11,Employe 0011,1
19,Employe 0019,1
21,Employe 0021,1
31,Employe 0031,1
32,Employe 0032,1
37,Employe 0037,1
38,Employe 0038,1
40,Employe 0040,1
43,Employe 0043,1
47,Employe 0047,1
48,Employe 0048,1
55,Employe 0055,1
58,Employe 0058,1
60,Employe 0060,1
61,Employe 0061,1
62,Employe 0062,1
65,Employe 0065,1
70,Employe 0070,1
71,Employe 0071,1
72,Employe 0072,1
77,Employe 0077,1
79,Employe 0079,1
83,Employe 0083,1
86,Employe 0086,1
94,Employe 0094,1
99,Employe 0099,1
101,Employe 0101,1
102,Employe 0102,1
104,Employe 0104,1
114,Employe 0114,1
115,Employe 0115,1
116,Employe 0116,1
117,Employe 0117,2
118,Employe 0118,2
119,Employe 0119,2
121,Employe 0121,2
124,Employe 0124,2
125,Employe 0125,2
126,Employe 0126,2
127,Employe 0127,2
128,Employe 0128,2
131,Employe 0131,2
132,Employe 0132,2
136,Employe 0136,2
141,Employe 0141,2
146,Employe 0146,2
148,Employe 0148,2
149,Employe 0149,2
151,Employe 0151,2
162,Employe 0162,2
166,Employe 0166,2
167,Employe 0167,2
169,Employe 0169,2
178,Employe 0178,2
179,Employe 0179,2
180,Employe 0180,2
181,Employe 0181,2
186,Employe 0186,2
189,Employe 0189,2
196,Employe 0196,2
197,Employe 0197,2
202,Employe 0202,2
203,Employe 0203,2
206,Employe 0206,2
207,Employe 0207,2
208,Employe 0208,2
209,Employe 0209,2
210,Employe 0210,2
211,Employe 0211,2
213,Employe 0213,2
214,Employe 0214,2
220,Employe 0220,2
221,Employe 0221,2
223,Employe 0223,2
225,Employe 0225,2
231,Employe 0231,3
233,Employe 0233,3
234,Employe 0234,3
236,Employe 0236,3
240,Employe 0240,3
242,Employe 0242,3
243,Employe 0243,3
247,Employe 0247,3
249,Employe 0249,3
255,Employe 0255,3
256,Employe 0256,3
260,Employe 0260,3
262,Employe 0262,3
263,Employe 0263,3
264,Employe 0264,3
265,Employe 0265,3
268,Employe 0268,3
274,Employe 0274,3
280,Employe 0280,3
283,Employe 0283,3
285,Employe 0285,3
289,Employe 0289,3
296,Employe 0296,3
297,Employe 0297,3
311,Employe 0311,3
312,Employe 0312,3
319,Employe 0319,3
320,Employe 0320,3
326,Employe 0326,3
327,Employe 0327,3
331,Employe 0331,3
332,Employe 0332,3
333,Employe 0333,3
334,Employe 0334,3
341,Employe 0341,3
342,Employe 0342,3
343,Employe 0343,3
346,Employe 0346,3
347,Employe 0347,3
349,Employe 0349,4
351,Employe 0351,4
360,Employe 0360,4
364,Employe 0364,4
365,Employe 0365,4
371,Employe 0371,4
376,Employe 0376,4
381,Employe 0381,4
384,Employe 0384,4
388,Employe 0388,4
392,Employe 0392,4
393,Employe 0393,4
398,Employe 0398,4
402,Employe 0402,4
405,Employe 0405,4
410,Employe 0410,4
412,Employe 0412,4
414,Employe 0414,4
422,Employe 0422,4
425,Employe 0425,4
432,Employe 0432,4
434,Employe 0434,4
442,Employe 0442,4
443,Employe 0443,4
448,Employe 0448,4
453,Employe 0453,4
455,Employe 0455,4
456,Employe 0456,4
458,Employe 0458,5
459,Employe 0459,5
460,Employe 0460,5
468,Employe 0468,5
477,Employe 0477,5
484,Employe 0484,5
489,Employe 0489,5
492,Employe 0492,5
503,Employe 0503,5
505,Employe 0505,5
507,Employe 0507,5
511,Employe 0511,5
516,Employe 0516,5
520,Employe 0520,5
522,Employe 0522,5
527,Employe 0527,5
534,Employe 0534,5
538,Employe 0538,5
539,Employe 0539,5
540,Employe 0540,5
542,Employe 0542,5
548,Employe 0548,5
550,Employe 0550,5
552,Employe 0552,5
556,Employe 0556,5
558,Employe 0558,5
560,Employe 0560,5
562,Employe 0562,5
565,Employe 0565,5
566,Employe 0566,5
577,Employe 0577,6
580,Employe 0580,6
583,Employe 0583,6
585,Employe 0585,6
587,Employe 0587,6
591,Employe 0591,6
596,Employe 0596,6
607,Employe 0607,6
608,Employe 0608,6
611,Employe 0611,6
616,Employe 0616,6
617,Employe 0617,6
618,Employe 0618,6
619,Employe 0619,6
626,Employe 0626,6
628,Employe 0628,6
629,Employe 0629,6
630,Employe 0630,6
634,Employe 0634,6
636,Employe 0636,6
642,Employe 0642,6
643,Employe 0643,6
645,Employe 0645,6
649,Employe 0649,6
652,Employe 0652,6
659,Employe 0659,6
669,Employe 0669,6
674,Employe 0674,6
679,Employe 0679,6
680,Employe 0680,6
683,Employe 0683,7
687,Employe 0687,7
689,Employe 0689,7
694,Employe 0694,7
696,Employe 0696,7
698,Employe 0698,7
705,Employe 0705,7
707,Employe 0707,7
712,Employe 0712,7
714,Employe 0714,7
720,Employe 0720,7
723,Employe 0723,7
724,Employe 0724,7
725,Employe 0725,7
728,Employe 0728,7
729,Employe 0729,7
734,Employe 0734,7
735,Employe 0735,7
744,Employe 0744,7
746,Employe 0746,7
747,Employe 0747,7
754,Employe 0754,7
755,Employe 0755,7
758,Employe 0758,7
760,Employe 0760,7
762,Employe 0762,7
763,Employe 0763,7
770,Employe 0770,7
772,Employe 0772,7
774,Employe 0774,7
782,Employe 0782,8
786,Employe 0786,8
795,Employe 0795,8
796,Employe 0796,8
802,Employe 0802,8
803,Employe 0803,8
808,Employe 0808,8
811,Employe 0811,8
818,Employe 0818,8
822,Employe 0822,8
824,Employe 0824,9
829,Employe 0829,9
832,Employe 0832,9
836,Employe 0836,9
838,Employe 0838,9
842,Employe 0842,9
845,Employe 0845,9
846,Employe 0846,9
847,Employe 0847,9
849,Employe 0849,9
854,Employe 0854,9
858,Employe 0858,9
860,Employe 0860,9
864,Employe 0864,9
866,Employe 0866,9
872,Employe 0872,9
875,Employe 0875,10
876,Employe 0876,10
882,Employe 0882,10
883,Employe 0883,10
886,Employe 0886,10
887,Employe 0887,10
888,Employe 0888,10
889,Employe 0889,10
902,Employe 0902,10
906,Employe 0906,10
908,Employe 0908,10
910,Employe 0910,10
912,Employe 0912,10
913,Employe 0913,10
914,Employe 0914,10
919,Employe 0919,10
920,Employe 0920,10
922,Employe 0922,10
926,Employe 0926,10
927,Employe 0927,10
930,Employe 0930,11
934,Employe 0934,11
938,Employe 0938,11
942,Employe 0942,11
945,Employe 0945,11
948,Employe 0948,11
949,Employe 0949,11
951,Employe 0951,11
953,Employe 0953,11
957,Employe 0957,11
958,Employe 0958,11
961,Employe 0961,11
964,Employe 0964,11
965,Employe 0965,11
967,Employe 0967,11
969,Employe 0969,11
970,Employe 0970,11
972,Employe 0972,11
980,Employe 0980,12
990,Employe 0990,12
1001,Employe 1001,12
1003,Employe 1003,12
1007,Employe 1007,12
1040,Employe 1040,13
1043,Employe 1043,13
1051,Employe 1051,13
1055,Employe 1055,13
1058,Employe 1058,13
1068,Employe 1068,13
1070,Employe 1070,13
1071,Employe 1071,13
1072,Employe 1072,13
1077,Employe 1077,13
1082,Employe 1082,14
1083,Employe 1083,14
1085,Employe 1085,14
1088,Employe 1088,14
1095,Employe 1095,14
1101,Employe 1101,14
1103,Employe 1103,14
1109,Employe 1109,14
1111,Employe 1111,14
1112,Employe 1112,14
1115,Employe 1115,14
1116,Employe 1116,14
1120,Employe 1120,15
1126,Employe 1126,15
1130,Employe 1130,15
1134,Employe 1134,15
1140,Employe 1140,15
1142,Employe 1142,15
1144,Employe 1144,15
1148,Employe 1148,15
1151,Employe 1151,15
1152,Employe 1152,15
1161,Employe 1161,15
1162,Employe 1162,15
1167,Employe 1167,15
1168,Employe 1168,15
1169,Employe 1169,15
1177,Employe 1177,16
1180,Employe 1180,16
1191,Employe 1191,16
1193,Employe 1193,16
1202,Employe 1202,16
1204,Employe 1204,16
1207,Employe 1207,16
1210,Employe 1210,16
1213,Employe 1213,16
1215,Employe 1215,16
1216,Employe 1216,16
1219,Employe 1219,16
1223,Employe 1223,16
1226,Employe 1226,16
1229,Employe 1229,16
1239,Employe 1239,17
1240,Employe 1240,17
1241,Employe 1241,17
1258,Employe 1258,17
1262,Employe 1262,17
1267,Employe 1267,17
1271,Employe 1271,17
1274,Employe 1274,17
1282,Employe 1282,17
1283,Employe 1283,17
1284,Employe 1284,17
1287,Employe 1287,17
1288,Employe 1288,17
1296,Employe 1296,18
1297,Employe 1297,18
1298,Employe 1298,18
1299,Employe 1299,18
1307,Employe 1307,18
1314,Employe 1314,18
1318,Employe 1318,18
1322,Employe 1322,18
1324,Employe 1324,18
1328,Employe 1328,18
1330,Employe 1330,18
1334,Employe 1334,18
1336,Employe 1336,18
1340,Employe 1340,19
1342,Employe 1342,19
1343,Employe 1343,19
1344,Employe 1344,19
1345,Employe 1345,19
1353,Employe 1353,19
1354,Employe 1354,19
1355,Employe 1355,19
1358,Employe 1358,19
1366,Employe 1366,19
1371,Employe 1371,19
1372,Employe 1372,19
1374,Employe 1374,19
1381,Employe 1381,19
1385,Employe 1385,19
1395,Employe 1395,20
1399,Employe 1399,20
1401,Employe 1401,20
1403,Employe 1403,20
1404,Employe 1404,20
1407,Employe 1407,20
1416,Employe 1416,20
1417,Employe 1417,20
1418,Employe 1418,20
1420,Employe 1420,20
1422,Employe 1422,20
1423,Employe 1423,20
1424,Employe 1424,20
1427,Employe 1427,20
1431,Employe 1431,20
1433,Employe 1433,20
1441,Employe 1441,20
1442,Employe 1442,20
1444,Employe 1444,20
1445,Employe 1445,20
1446,Employe 1446,20
1447,Employe 1447,20
1449,Employe 1449,20
1452,Employe 1452,21
1454,Employe 1454,21
1465,Employe 1465,21
1469,Employe 1469,21
1472,Employe 1472,21
1473,Employe 1473,21
1483,Employe 1483,21
1486,Employe 1486,21
1488,Employe 1488,21
1492,Employe 1492,21
1498,Employe 1498,21
1499,Employe 1499,21
1505,Employe 1505,21
1511,Employe 1511,21
1515,Employe 1515,22
1516,Employe 1516,22
1522,Employe 1522,22
1524,Employe 1524,22
1527,Employe 1527,22
1536,Employe 1536,22
1541,Employe 1541,22
1542,Employe 1542,22
1545,Employe 1545,22
1546,Employe 1546,22
1548,Employe 1548,22
1551,Employe 1551,22
1557,Employe 1557,22
1560,Employe 1560,22
1572,Employe 1572,23
1587,Employe 1587,23
1592,Employe 1592,23
1594,Employe 1594,23
1599,Employe 1599,23
1600,Employe 1600,23
1601,Employe 1601,23
1603,Employe 1603,23
1609,Employe 1609,23
1613,Employe 1613,23
1616,Employe 1616,23
1619,Employe 1619,24
1620,Employe 1620,24
1630,Employe 1630,24
1631,Employe 1631,24
1633,Employe 1633,24
1635,Employe 1635,24
1637,Employe 1637,24
1648,Employe 1648,25
1656,Employe 1656,25
1659,Employe 1659,26
1667,Employe 1667,26
1668,Employe 1668,26
1669,Employe 1669,26
1671,Employe 1671,27
1691,Employe 1691,28
1696,Employe 1696,28
1699,Employe 1699,28
1704,Employe 1704,28
1705,Employe 1705,28
1707,Employe 1707,28
1719,Employe 1719,29
1721,Employe 1721,29
1725,Employe 1725,29
1731,Employe 1731,29
1732,Employe 1732,29
1736,Employe 1736,29
1744,Employe 1744,30
1745,Employe 1745,30
1748,Employe 1748,30
1749,Employe 1749,30
1755,Employe 1755,30
1762,Employe 1762,31
1763,Employe 1763,31
1771,Employe 1771,31
1779,Employe 1779,31
1780,Employe 1780,31
1781,Employe 1781,31
1785,Employe 1785,31
1790,Employe 1790,32
1791,Employe 1791,32
1792,Employe 1792,32
1794,Employe 1794,32
1795,Employe 1795,32
1799,Employe 1799,32
1801,Employe 1801,32
1806,Employe 1806,32
1810,Employe 1810,32
1812,Employe 1812,32
1815,Employe 1815,33
1816,Employe 1816,33
1817,Employe 1817,33
1819,Employe 1819,33
1821,Employe 1821,33
1823,Employe 1823,33
1831,Employe 1831,33
1832,Employe 1832,33
1837,Employe 1837,33
1843,Employe 1843,34
1847,Employe 1847,34
1848,Employe 1848,34
1850,Employe 1850,34
1852,Employe 1852,35
1857,Employe 1857,35
1862,Employe 1862,35
1864,Employe 1864,35
1873,Employe 1873,35
1876,Employe 1876,36
1877,Employe 1877,36
1878,Employe 1878,36
1879,Employe 1879,36
1883,Employe 1883,36
1896,Employe 1896,36
1897,Employe 1897,36
1898,Employe 1898,36
1900,Employe 1900,36
1901,Employe 1901,36
1903,Employe 1903,37
1909,Employe 1909,37
1913,Employe 1913,37
1921,Employe 1921,37
1923,Employe 1923,38
1924,Employe 1924,38
1927,Employe 1927,38
1928,Employe 1928,38
1938,Employe 1938,39
1939,Employe 1939,39
1940,Employe 1940,39
1944,Employe 1944,39
1947,Employe 1947,39
1954,Employe 1954,39
1959,Employe 1959,39
1961,Employe 1961,40
1962,Employe 1962,40
1967,Employe 1967,40
1969,Employe 1969,40
1971,Employe 1971,40
1972,Employe 1972,40
1973,Employe 1973,40
1977,Employe 1977,41
1981,Employe 1981,41
1982,Employe 1982,41
1983,Employe 1983,41
1985,Employe 1985,41
1988,Employe 1988,41
1989,Employe 1989,41
1991,Employe 1991,41
1993,Employe 1993,41
1997,Employe 1997,42
1999,Employe 1999,42
2002,Employe 2002,42
2003,Employe 2003,42
2004,Employe 2004,42
2009,Employe 2009,42
2012,Employe 2012,42
2022,Employe 2022,43
2023,Employe 2023,43
2026,Employe 2026,43
2027,Employe 2027,43
2033,Employe 2033,43
2035,Employe 2035,43
2038,Employe 2038,43
2041,Employe 2041,43
2044,Employe 2044,43
2052,Employe 2052,44
2054,Employe 2054,44
2059,Employe 2059,44
2062,Employe 2062,44
2066,Employe 2066,44
2068,Employe 2068,44
2072,Employe 2072,44
2076,Employe 2076,45
2078,Employe 2078,45
2080,Employe 2080,45
2083,Employe 2083,45
2085,Employe 2085,45
2097,Employe 2097,45
